order_id,lead_id,order_datetime,product,currency,gmv,expected_margin_pct,country
ORDN525JN8DY,LEAD9MV9E40K,2025-05-15T18:08:23,CASH_LOAN,KES,181.1,0.05,KE
ORDQLP9P5XS8,LEADEM9NNC8Y,2025-05-15T20:20:05,UPGRADE,ZMW,92.27,0.1878,ZM
ORDXJMC51I1N,LEADN8ZTV05X,2025-05-15T23:39:38,PHONE+INSURANCE,ZMW,180.78,0.1875,ZM
ORDGRR4IMVCT,LEADGPJDJHMX,2025-05-16T05:39:21,UPGRADE,UGX,120.23,0.0797,UG
ORDD2PU10K3L,LEAD1KP2GVPG,2025-05-16T11:27:06,UPGRADE,ZMW,118.07,0.3811,ZM
ORDXODY9M8XO,LEAD1XJ7WWUD,2025-05-16T12:09:24,PHONE+INSURANCE,UGX,191.17,0.0823,UG
ORDRWJPMUV5A,LEADREV361XS,2025-05-16T13:41:07,PHONE+INSURANCE,KES,175.24,0.4392,KE
ORDG77127ESO,LEADRV68JQ12,2025-05-16T14:32:22,CASH_LOAN,KES,161.15,0.1598,KE
ORDYJ7F3JVNM,LEADLXPOUV75,2025-05-16T17:21:22,INSURANCE_ONLY,ZMW,44.31,0.1089,ZM
ORD7P6W8IWFA,LEAD4SOR8WM9,2025-05-16T18:16:14,PHONE+INSURANCE,ZMW,190.32,0.2707,ZM
ORD65P9XCM7V,LEAD6ILVB8DM,2025-05-16T19:54:37,PHONE+INSURANCE,ZMW,234.74,0.16,ZM
ORDM0AMOQ0EW,LEADGAMRH4FZ,2025-05-16T23:29:43,PHONE+INSURANCE,KES,160.86,0.309,KE
ORD7J528KS0Q,LEADVPYMB5M9,2025-05-17T03:01:16,PHONE+INSURANCE,GHS,187.33,0.4926,GH
ORDILPF34HOE,LEADEYYLH9P1,2025-05-17T05:39:46,CASH_LOAN,UGX,202.2,0.3945,UG
ORD1GEHYJR3F,LEADJ4CYGO6Z,2025-05-17T16:38:46,UPGRADE,ZMW,129.12,0.3174,ZM
ORDIKESZX0O6,LEADV3IZKY22,2025-05-17T18:21:22,PHONE+INSURANCE,UGX,197.97,0.1651,UG
ORD0SZAWKIDN,LEAD8D2TN20V,2025-05-17T22:56:36,PHONE+INSURANCE,UGX,195.66,0.4191,UG
ORDMAXON58CP,LEADMZQRSJZO,2025-05-18T06:30:37,PHONE+INSURANCE,UGX,233.92,0.1233,UG
ORD63HUASPOP,LEADMHXOFKCG,2025-05-18T12:00:12,PHONE+INSURANCE,UGX,200.44,0.1884,UG
ORDSYJU7HRSS,LEAD9E7F1811,2025-05-18T14:29:47,CASH_LOAN,ZMW,175.16,0.5,ZM
ORDPRN5MZHYK,LEADKFD18TLT,2025-05-18T16:27:47,PHONE+INSURANCE,KES,211.98,0.4432,KE
ORD5S64IRVWE,LEAD9TQVDZ4X,2025-05-18T20:57:21,UPGRADE,GHS,90.97,0.3188,GH
ORDK3SV8M00W,LEAD4VSK23AF,2025-05-18T22:34:05,PHONE+INSURANCE,UGX,203.69,0.2397,UG
ORD8V3GJ3NGW,LEADOGX8IRJB,2025-05-19T06:08:09,CASH_LOAN,UGX,274.48,0.227,UG
ORDEYXLKGKYK,LEADWB4LL3K4,2025-05-19T11:02:09,OTHER,GHS,36.97,0.1139,GH
ORDJ25DSVUAD,LEADRLEXDW6L,2025-05-19T11:50:57,CASH_LOAN,GHS,147.35,0.163,GH
ORD2O8UZADP6,LEADHYL77VLQ,2025-05-19T13:32:29,UPGRADE,GHS,131.42,0.5,GH
ORDL0Y80TBZ8,LEADA44TBIDS,2025-05-19T16:30:50,PHONE+INSURANCE,ZMW,246.92,0.1766,ZM
ORDHO2UZHBC1,LEADOJC6ON5Z,2025-05-19T21:36:24,PHONE+INSURANCE,ZMW,219.85,0.4485,ZM
ORD69UIQYA71,LEAD5GOFC5WU,2025-05-20T08:47:08,INSURANCE_ONLY,ZMW,16.16,0.4354,ZM
ORDF6XHOG9UV,LEAD6AKT7ZQH,2025-05-20T08:57:06,PHONE+INSURANCE,KES,213.89,0.5,KE
ORDJMOYJ459M,LEADMOUZE66V,2025-05-20T14:14:58,PHONE+INSURANCE,ZMW,179.52,0.1428,ZM
ORDFBYY3JNIA,LEAD47EMDOFG,2025-05-20T23:03:11,OTHER,GHS,46.41,0.1887,GH
ORD1BNYG4WMK,LEADMOUZE66V,2025-05-21T06:45:37,PHONE+INSURANCE,ZMW,170.39,0.4562,ZM
ORDR5QRAP8LO,LEADUU5E51H3,2025-05-21T11:43:18,PHONE+INSURANCE,GHS,201.1,0.5,GH
ORD2M93DFE4I,LEADPPRCJIWV,2025-05-21T15:58:58,PHONE+INSURANCE,KES,173.6,0.1655,KE
ORDQUU0TJ4P2,LEADAELYYZZ0,2025-05-21T18:29:11,PHONE+INSURANCE,GHS,216.43,0.4535,GH
ORDG8SVL03QH,LEADJJA26YFP,2025-05-21T19:47:06,OTHER,GHS,57.87,0.4689,GH
ORDKDEKW92PP,LEADTVCE3SKS,2025-05-22T01:05:03,PHONE+INSURANCE,ZMW,208.55,0.2596,ZM
ORDGG4EFGLL6,LEADG0ATCBRL,2025-05-22T04:34:49,UPGRADE,GHS,104.56,0.05,GH
ORD0EKR5OR8F,LEADH6K6HG00,2025-05-22T21:28:15,CASH_LOAN,UGX,236.18,0.2169,UG
ORDUN4W70XCG,LEADYMZLO9LN,2025-05-23T15:21:07,INSURANCE_ONLY,GHS,24.98,0.3083,GH
ORD8AWIL075E,LEADED1LG8Y2,2025-05-23T15:13:05,PHONE+INSURANCE,GHS,114.22,0.265,GH
ORDJS5O7S87C,LEAD852N5FNP,2025-05-23T17:52:37,INSURANCE_ONLY,ZMW,20.46,0.2594,ZM
ORDUSCBD8ID7,LEADOKBZVYX9,2025-05-23T21:48:02,PHONE+INSURANCE,GHS,233.98,0.2505,GH
ORDR6SB8S5RL,LEADLSYJ4UWH,2025-05-24T02:08:36,OTHER,ZMW,11.36,0.1131,ZM
ORDAHWBLPW0L,LEADCZTZOWLC,2025-05-24T11:11:24,OTHER,GHS,68.77,0.2232,GH
ORDCUOFEQ2A5,LEADRV68JQ12,2025-05-24T12:06:10,CASH_LOAN,KES,32.34,0.3173,KE
ORDBRZNQPJ6S,LEAD8GEYZILJ,2025-05-25T00:13:30,PHONE+INSURANCE,GHS,226.82,0.5,GH
ORDGZKYLSM55,LEADL131V0UP,2025-05-25T08:35:04,INSURANCE_ONLY,ZMW,45.11,0.2373,ZM
ORDLY32ME6YL,LEAD3NOZ7QMJ,2025-05-25T22:23:22,CASH_LOAN,KES,160.14,0.387,KE
ORDU8ZY7ML0A,LEADYL1W9JPK,2025-05-26T11:15:08,CASH_LOAN,ZMW,203.4,0.5,ZM
ORD15ST4PBNQ,LEADC8VDRQNT,2025-05-26T11:22:17,INSURANCE_ONLY,KES,39.48,0.1665,KE
ORDCS5BZ7MX7,LEAD8P4XTKXG,2025-05-26T13:10:46,PHONE+INSURANCE,KES,245.19,0.5,KE
ORD9HXLH5YQZ,LEADDZRHTTQA,2025-05-26T15:18:46,PHONE+INSURANCE,GHS,222.74,0.465,GH
ORDBTJG4PAAA,LEAD5TXC066O,2025-05-26T16:55:30,CASH_LOAN,UGX,212.22,0.05,UG
ORD64K76G3ML,LEADIMYDO5N1,2025-05-26T16:49:41,CASH_LOAN,UGX,212.72,0.5,UG
ORDE68P0RK9Y,LEADRCMUZ8DU,2025-05-26T19:58:00,INSURANCE_ONLY,GHS,15.42,0.4219,GH
ORDE42S2SCVS,LEADDX6UZS1X,2025-05-27T00:21:03,PHONE+INSURANCE,KES,225.07,0.2935,KE
ORDY26SIZLU1,LEADFIUEFZ1C,2025-05-27T01:15:43,PHONE+INSURANCE,GHS,234.7,0.3799,GH
ORDMWY93EI3X,LEADORFQLA09,2025-05-27T10:58:00,INSURANCE_ONLY,KES,19.3,0.05,KE
ORDSQPH5G6K2,LEADSSCRTP08,2025-05-27T14:23:03,PHONE+INSURANCE,UGX,249.16,0.1611,UG
ORDQ54R28FMY,LEADHW0BUPMT,2025-05-27T16:51:01,CASH_LOAN,ZMW,116.62,0.4269,ZM
ORDH2VNWEVM1,LEAD419QZPNI,2025-05-27T20:52:49,INSURANCE_ONLY,UGX,19.77,0.2253,UG
ORD09NHNK4DC,LEAD03NO355C,2025-05-28T02:29:52,PHONE+INSURANCE,GHS,226.77,0.2151,GH
ORD7AZLRDWDW,LEADBHWTGDK4,2025-05-28T05:09:34,UPGRADE,ZMW,95.15,0.1296,ZM
ORDFYDLXO8WS,LEADA8O34LPQ,2025-05-28T23:54:02,CASH_LOAN,ZMW,272.99,0.2896,ZM
ORD0LN8SAF67,LEADE5MIPUYL,2025-05-29T04:33:27,CASH_LOAN,ZMW,220.98,0.2429,ZM
ORDCTU0PH140,LEADLSE45BG3,2025-05-29T06:09:32,INSURANCE_ONLY,UGX,37.27,0.4035,UG
ORD37A9VI1B0,LEADU9WT2YBU,2025-05-29T12:07:43,CASH_LOAN,KES,96.42,0.3469,KE
ORD6PJNEXX1U,LEAD0YQZDUBB,2025-05-29T18:25:11,CASH_LOAN,GHS,216.66,0.4128,GH
ORDZT683OA19,LEADX9BOBCD1,2025-05-29T20:34:33,OTHER,UGX,73.68,0.2254,UG
ORDSR0CQA1OX,LEADX8SYLEMR,2025-05-29T23:45:23,CASH_LOAN,UGX,197.15,0.2913,UG
ORD5SBQXVPFB,LEAD75RMG7F9,2025-05-30T01:37:19,PHONE+INSURANCE,ZMW,216.27,0.0885,ZM
ORD6MP5SHX2M,LEADWYPEEK03,2025-05-30T13:09:05,PHONE+INSURANCE,UGX,183.72,0.3315,UG
ORDFH9SCCQLJ,LEADRS210Q2L,2025-05-30T18:16:19,PHONE+INSURANCE,UGX,199.63,0.3937,UG
ORDSD475J1SP,LEADYQBVTDG3,2025-05-30T18:48:20,PHONE+INSURANCE,UGX,200.15,0.2864,UG
ORDDYIALEQWE,LEADIHX74D0G,2025-05-30T21:11:16,PHONE+INSURANCE,GHS,242.56,0.1993,GH
ORDJWHKL17YF,LEADE24I1AGZ,2025-05-30T22:39:43,CASH_LOAN,KES,194.79,0.4179,KE
ORDZDKK7SLM0,LEADLQGA3QUP,2025-05-31T01:15:30,CASH_LOAN,UGX,70.0,0.1316,UG
ORDYVS07VT63,LEADV0E7450J,2025-05-31T02:18:26,UPGRADE,UGX,107.44,0.3378,UG
ORDP0WSKCI1R,LEADJ7OVHM3K,2025-05-31T08:42:27,CASH_LOAN,GHS,199.65,0.1521,GH
ORDQIEKWZ63S,LEAD7E5RDEKY,2025-05-31T09:35:36,PHONE+INSURANCE,KES,119.86,0.3169,KE
ORDDR6BOO6HG,LEADHU25Z8KQ,2025-05-31T12:05:59,PHONE+INSURANCE,ZMW,238.75,0.248,ZM
ORDWAUCG717M,LEADFGS3JONO,2025-05-31T19:04:35,PHONE+INSURANCE,KES,236.43,0.3127,KE
ORDDM0P54A3S,LEADTGO5AWLG,2025-05-31T21:52:15,UPGRADE,GHS,99.49,0.3471,GH
ORD967EAPISQ,LEADVCMGJVC2,2025-06-01T03:26:46,PHONE+INSURANCE,UGX,247.66,0.5,UG
ORDM9IEHWL1M,LEADJMGL1RLC,2025-06-01T15:36:18,CASH_LOAN,ZMW,122.94,0.2954,ZM
ORDB84EOHCTJ,LEAD1K7F5OA3,2025-06-02T05:25:53,PHONE+INSURANCE,ZMW,188.86,0.4378,ZM
ORD050ZU8RZL,LEAD4VSK23AF,2025-06-02T09:35:27,PHONE+INSURANCE,UGX,149.6,0.175,UG
ORDYRGALEGCQ,LEADHI8H7PR2,2025-06-02T10:36:34,PHONE+INSURANCE,KES,177.53,0.1267,KE
ORDQ3VP6E1RC,LEADYH523GGO,2025-06-02T17:02:16,UPGRADE,UGX,81.83,0.4066,UG
ORDPOSSH65AZ,LEADRP59YEQ9,2025-06-02T20:04:00,UPGRADE,ZMW,95.34,0.0824,ZM
ORDRS9IN6PDQ,LEADI826GYUP,2025-06-03T05:15:05,PHONE+INSURANCE,UGX,270.51,0.1807,UG
ORD27ELEI69U,LEADDHF025LO,2025-06-03T10:09:04,CASH_LOAN,KES,291.24,0.5,KE
ORDOKNSIDD8H,LEADEK3ZEZQA,2025-06-03T18:52:02,UPGRADE,GHS,108.6,0.2765,GH
ORDNPY817YUZ,LEAD6GA2SDFC,2025-06-03T19:15:17,CASH_LOAN,UGX,89.09,0.1824,UG
ORDC3VVBAPRD,LEADRFI44TD1,2025-06-04T05:40:00,PHONE+INSURANCE,KES,212.2,0.1089,KE
ORD6CUN4GNVC,LEADJM4T8BP6,2025-06-04T05:13:13,PHONE+INSURANCE,ZMW,268.4,0.4017,ZM
ORDK7LSNVCAO,LEAD9N1D6DZB,2025-06-04T05:37:05,PHONE+INSURANCE,UGX,222.55,0.1637,UG
ORDD2GS57VUM,LEADL1N759IN,2025-06-04T15:52:03,CASH_LOAN,ZMW,200.62,0.1409,ZM
ORDWP4NC89HZ,LEADM6J8Y6RH,2025-06-04T19:33:30,PHONE+INSURANCE,ZMW,181.35,0.3489,ZM
ORDWAZ0NY948,LEADEE0Q45TV,2025-06-05T00:59:26,CASH_LOAN,GHS,53.8,0.4477,GH
ORDE0EQTTMJ2,LEAD576M2YVP,2025-06-05T10:18:25,PHONE+INSURANCE,GHS,269.17,0.0652,GH
ORDZCEQ6XVJA,LEAD5SIDASO7,2025-06-05T12:26:48,CASH_LOAN,UGX,128.53,0.3484,UG
ORDLQO68ZQTJ,LEAD5R8MNQPV,2025-06-05T12:37:08,CASH_LOAN,UGX,193.93,0.2641,UG
ORDRQX003LAX,LEADGNPYHRFO,2025-06-05T21:35:26,INSURANCE_ONLY,ZMW,64.57,0.3772,ZM
ORDKJG93XNPE,LEADNFCQML8Q,2025-06-06T05:10:58,CASH_LOAN,KES,202.45,0.1909,KE
ORD6RD1A5QOD,LEADTN7SU62J,2025-06-06T11:51:57,OTHER,KES,89.03,0.4455,KE
ORDBF3X4Y6G9,LEADLQGA3QUP,2025-06-06T11:20:56,CASH_LOAN,UGX,220.9,0.5,UG
ORD2QMGRMY1U,LEADZEEDHHJS,2025-06-06T12:22:34,PHONE+INSURANCE,KES,198.66,0.0794,KE
ORDMEQZLD06D,LEADZ6US7RP4,2025-06-06T15:17:38,OTHER,GHS,72.25,0.1029,GH
ORDOXOXQQRKA,LEADOWWEW9V0,2025-06-06T16:07:33,UPGRADE,ZMW,152.22,0.0906,ZM
ORDTZRRRO1XV,LEADOZ0KZ4Z7,2025-06-06T17:10:32,CASH_LOAN,UGX,160.76,0.3158,UG
ORDOOBLZ431Q,LEADX1W1QXPH,2025-06-06T20:55:40,PHONE+INSURANCE,ZMW,201.97,0.1002,ZM
ORD1MG6K5206,LEAD9E1V2ISQ,2025-06-07T12:35:25,PHONE+INSURANCE,GHS,258.12,0.2976,GH
ORDJZ2VA9CD0,LEADC275JT66,2025-06-07T22:47:38,OTHER,UGX,75.41,0.1983,UG
ORD1DFCCHSBM,LEAD23C42YFK,2025-06-07T22:50:46,CASH_LOAN,ZMW,154.85,0.4059,ZM
ORDRYCC30P59,LEADUA3AIPJI,2025-06-08T07:22:32,CASH_LOAN,KES,152.95,0.2088,KE
ORDNNNX478WY,LEADVV28UE1M,2025-06-08T10:53:08,CASH_LOAN,KES,88.33,0.4971,KE
ORDEXIKY0VUH,LEADE8G8JDP0,2025-06-08T11:34:53,PHONE+INSURANCE,GHS,236.51,0.1415,GH
ORD4UPYDCVJK,LEADC56T4UFE,2025-06-08T17:31:18,OTHER,KES,90.62,0.3206,KE
ORDN98JR29G7,LEAD3SWEBNVG,2025-06-08T21:43:04,PHONE+INSURANCE,GHS,243.6,0.0933,GH
ORDRG3B5U4KF,LEADIFWR0UI1,2025-06-09T00:05:47,INSURANCE_ONLY,ZMW,11.15,0.5,ZM
ORD1SOWO5ACM,LEAD87H91EL8,2025-06-09T07:56:59,CASH_LOAN,GHS,130.48,0.4674,GH
ORDB2JPQ8C96,LEADIPA2VOI8,2025-06-09T09:34:06,UPGRADE,KES,62.19,0.3752,KE
ORDSCOCLR4WP,LEAD59B9C2ZU,2025-06-09T09:02:23,PHONE+INSURANCE,KES,173.44,0.1451,KE
ORD25VZI0IDS,LEADN8QIX43I,2025-06-09T09:40:44,CASH_LOAN,ZMW,200.66,0.1736,ZM
ORDCT1B30REJ,LEADJJA26YFP,2025-06-09T14:41:09,OTHER,ZMW,73.55,0.1619,ZM
ORDMJAVF3WLL,LEAD9OR7875A,2025-06-09T17:07:12,PHONE+INSURANCE,UGX,198.02,0.4876,UG
ORDOKJ6Y4VDP,LEADN6FAWE3I,2025-06-09T22:50:40,CASH_LOAN,ZMW,117.14,0.203,ZM
ORD09QXJYQJK,LEADC1L7DYPM,2025-06-10T07:25:56,CASH_LOAN,UGX,90.6,0.2669,UG
ORDXGGRG8RPF,LEADN67LM8E4,2025-06-10T12:04:58,PHONE+INSURANCE,GHS,209.09,0.4064,GH
ORDBCCNNAL91,LEADSJNCRBVX,2025-06-10T12:43:01,OTHER,UGX,66.28,0.309,UG
ORDQOIN2NO7T,LEADFQL0DGH6,2025-06-10T18:32:11,UPGRADE,KES,123.85,0.2387,KE
ORD3KHAOK2J9,LEADWJVIE6DU,2025-06-10T20:23:53,INSURANCE_ONLY,ZMW,30.01,0.1714,ZM
ORD4BXJL7WGA,LEADSFERFXIO,2025-06-11T02:45:44,UPGRADE,KES,96.2,0.1099,KE
ORDW5U60LP0H,LEADD4HQFGHD,2025-06-11T09:32:15,INSURANCE_ONLY,ZMW,6.59,0.1651,ZM
ORDG9ZH54SNW,LEADWFG3MWU4,2025-06-11T10:22:24,PHONE+INSURANCE,GHS,166.8,0.4607,GH
ORDDK2WY2F1M,LEADBVH2VFT6,2025-06-12T04:38:28,CASH_LOAN,ZMW,115.51,0.055,ZM
ORDRIBXHMFVY,LEADGGACSQNB,2025-06-12T06:41:41,CASH_LOAN,KES,25.47,0.1459,KE
ORDAYEKAGWNT,LEADX2HIVDTS,2025-06-12T15:23:03,CASH_LOAN,UGX,167.16,0.194,UG
ORDP7UELBI7Z,LEADKOBQ6MYM,2025-06-12T15:13:09,PHONE+INSURANCE,GHS,250.01,0.5,GH
ORDNIG67VE0O,LEADLBSUNGKH,2025-06-12T17:29:19,PHONE+INSURANCE,ZMW,162.71,0.1627,ZM
ORDVL8CMK3OE,LEADRATATJ9A,2025-06-12T17:33:23,INSURANCE_ONLY,UGX,36.19,0.1718,UG
ORD06VNN856Q,LEADUL62CF4M,2025-06-12T21:38:31,UPGRADE,GHS,108.98,0.1636,GH
ORDQ0CVL0186,LEADBEAWQW29,2025-06-12T23:22:51,PHONE+INSURANCE,KES,262.78,0.3195,KE
ORDSL1BZM3ZI,LEADEJX5TD44,2025-06-13T00:18:44,PHONE+INSURANCE,UGX,232.02,0.4321,UG
ORD3PQRKTZRT,LEADCBI6QSRE,2025-06-13T05:39:56,PHONE+INSURANCE,KES,186.78,0.5,KE
ORD4TG2R5HB8,LEADG1Y9XCA6,2025-06-13T08:39:55,PHONE+INSURANCE,UGX,163.0,0.3486,UG
ORDKTR0QPM38,LEAD03NO355C,2025-06-14T04:28:01,PHONE+INSURANCE,KES,199.15,0.2396,KE
ORDC3Q9JNTO7,LEADQNPCENLK,2025-06-14T07:13:05,PHONE+INSURANCE,UGX,204.75,0.2194,UG
ORDORSNI1BJ3,LEADLD56R7WY,2025-06-14T09:41:14,CASH_LOAN,GHS,228.9,0.3432,GH
ORDOYKZFJ5OB,LEADPUT7SSOQ,2025-06-14T09:19:33,PHONE+INSURANCE,UGX,227.53,0.3515,UG
ORDH22GH85XT,LEADXD7ITQRT,2025-06-14T16:36:29,UPGRADE,KES,93.18,0.3516,KE
ORDUBLNOS3GQ,LEADQJSQCZ0N,2025-06-15T07:18:07,PHONE+INSURANCE,GHS,156.55,0.2454,GH
ORD3ADIHK6JZ,LEADM30VVIJV,2025-06-15T13:06:23,CASH_LOAN,UGX,241.31,0.3522,UG
ORDAWH59WMDT,LEADRE2Q6JXN,2025-06-15T14:30:26,PHONE+INSURANCE,GHS,198.55,0.2596,GH
ORD1ET8NNRIT,LEADWWXR5RDN,2025-06-16T02:25:55,UPGRADE,UGX,126.84,0.3558,UG
ORDQ947Z60GA,LEADJRHE45JJ,2025-06-16T05:45:15,UPGRADE,UGX,132.13,0.2567,UG
ORDMCCX0OIDX,LEAD6XVAJ2K8,2025-06-16T07:08:25,INSURANCE_ONLY,KES,44.84,0.1632,KE
ORDBP3VC56IN,LEADDVJFUY0F,2025-06-16T09:35:12,PHONE+INSURANCE,KES,295.23,0.1943,KE
ORDUEXOOXJ4V,LEAD6GKABCZL,2025-06-16T13:43:14,INSURANCE_ONLY,UGX,34.39,0.1806,UG
ORDT7O4ZMJRN,LEAD30X8BNMJ,2025-06-16T15:27:04,PHONE+INSURANCE,ZMW,229.87,0.2146,ZM
ORDLPZT1HX2M,LEADGAGUVB99,2025-06-16T15:20:33,PHONE+INSURANCE,KES,175.63,0.5,KE
ORDKGLHJLO3N,LEADLNZZRJO7,2025-06-16T21:13:31,INSURANCE_ONLY,ZMW,10.18,0.1468,ZM
ORDCIGFMT1DB,LEADWR3OW37G,2025-06-17T00:32:48,UPGRADE,ZMW,118.58,0.3245,ZM
ORDXZV2XD0RW,LEADMY4IQZ6D,2025-06-17T05:09:39,UPGRADE,UGX,59.33,0.5,UG
ORDH9XX31T33,LEAD2XF8E8LD,2025-06-17T20:11:20,PHONE+INSURANCE,ZMW,162.76,0.3113,ZM
ORDGOCPJ4LIH,LEADGGACSQNB,2025-06-18T01:16:56,CASH_LOAN,KES,154.55,0.2733,KE
ORD8XY5LUDWR,LEADVIARPH3Q,2025-06-18T10:07:36,CASH_LOAN,GHS,192.66,0.05,GH
ORD9NHNLAS9X,LEAD2L4C0BB6,2025-06-18T14:08:54,PHONE+INSURANCE,KES,218.44,0.2636,KE
ORD4CT16XGJW,LEADXGMPW5D3,2025-06-18T16:58:12,UPGRADE,KES,130.14,0.2843,KE
ORDR4KL5UQX0,LEADTGV44FTJ,2025-06-18T19:21:26,PHONE+INSURANCE,GHS,181.44,0.1462,GH
ORD4E6LP0FKV,LEAD23C42YFK,2025-06-18T21:04:43,CASH_LOAN,UGX,131.49,0.053,UG
ORDJFTS2G4K4,LEADGFU8IOGX,2025-06-18T21:22:10,INSURANCE_ONLY,UGX,28.82,0.3521,UG
ORDFE08T8W74,LEADO5HD4HSB,2025-06-18T23:49:04,INSURANCE_ONLY,KES,9.04,0.3966,KE
ORD8WLFYA51S,LEADQZ6CP7SA,2025-06-19T04:10:47,PHONE+INSURANCE,GHS,168.69,0.2164,GH
ORD4NIHEUXPS,LEAD3FJPO4DI,2025-06-19T09:15:37,UPGRADE,ZMW,139.12,0.05,ZM
ORDKBN39HWT1,LEADSQQQ5L2X,2025-06-19T13:28:52,PHONE+INSURANCE,UGX,207.62,0.2752,UG
ORDZAL5JKDYZ,LEADUQAAJ84R,2025-06-19T16:05:32,PHONE+INSURANCE,GHS,242.42,0.05,GH
ORDP3L520E71,LEADN7K98XVI,2025-06-19T17:59:44,PHONE+INSURANCE,GHS,207.0,0.288,GH
ORDOUHP4G99A,LEADLHS95TWB,2025-06-20T07:23:37,PHONE+INSURANCE,ZMW,215.48,0.4181,ZM
ORDPBXWOL740,LEAD9VQIET4A,2025-06-20T15:29:55,INSURANCE_ONLY,ZMW,22.1,0.1863,ZM
ORDD4BUEKHBV,LEADA44TBIDS,2025-06-20T15:35:56,PHONE+INSURANCE,GHS,232.02,0.1089,GH
ORDP2RCX9YIT,LEAD4RWGKG5K,2025-06-20T18:27:32,PHONE+INSURANCE,KES,258.37,0.1934,KE
ORDKAW2CGWW5,LEADGN92F0J3,2025-06-20T17:40:51,PHONE+INSURANCE,UGX,229.48,0.3041,UG
ORDVBTI4RVKN,LEADI8WX46QG,2025-06-20T23:16:49,PHONE+INSURANCE,ZMW,126.84,0.2269,ZM
ORDJ4QR6Q771,LEAD5E11E9FT,2025-06-21T03:48:13,PHONE+INSURANCE,GHS,233.13,0.05,GH
ORDXT1JKBSFD,LEADHUP3FTJ6,2025-06-21T08:17:46,PHONE+INSURANCE,KES,230.31,0.3603,KE
ORDIMWV9I6SG,LEADDTCA46FD,2025-06-21T11:46:46,PHONE+INSURANCE,KES,239.65,0.5,KE
ORDCRMXJ9NMV,LEADMPSJ9WRS,2025-06-21T12:10:40,PHONE+INSURANCE,KES,232.55,0.2383,KE
ORD87KF01G8J,LEADI6OAFN33,2025-06-21T14:14:54,UPGRADE,KES,143.81,0.05,KE
ORD8052PORG6,LEADHEEK2VK1,2025-06-21T19:49:21,INSURANCE_ONLY,GHS,37.44,0.05,GH
ORDZJNUMZP9J,LEAD9PHWN8DD,2025-06-21T21:43:45,CASH_LOAN,UGX,275.82,0.2878,UG
ORD2GGCUSNLY,LEAD2QB6GS8G,2025-06-22T06:20:16,PHONE+INSURANCE,GHS,190.33,0.1803,GH
ORDMLF8KTC75,LEADZGPXF50O,2025-06-22T12:19:05,UPGRADE,GHS,168.08,0.1162,GH
ORDKV0SE01MG,LEAD5A838921,2025-06-22T14:11:20,PHONE+INSURANCE,ZMW,226.18,0.5,ZM
ORDKKYGH4VG7,LEADOTQF74RQ,2025-06-22T17:48:06,INSURANCE_ONLY,UGX,5.0,0.0783,UG
ORDBETQ939MC,LEADC1RBK9RX,2025-06-23T00:58:06,PHONE+INSURANCE,GHS,170.87,0.5,GH
ORDH99P3MBB0,LEADLOFAS1EK,2025-06-23T06:46:13,UPGRADE,KES,128.42,0.3506,KE
ORD8WGMYQ05R,LEAD9KQDGBK2,2025-06-23T10:58:00,INSURANCE_ONLY,UGX,5.0,0.1662,UG
ORDAS9VBUD9Z,LEADXJ17X6XD,2025-06-23T12:09:05,PHONE+INSURANCE,ZMW,274.29,0.3933,ZM
ORDPXNY8O0DB,LEADMPIOYGGV,2025-06-23T14:32:29,INSURANCE_ONLY,KES,5.0,0.2518,KE
ORDCNDL0IXS9,LEADJJA26YFP,2025-06-23T17:18:52,OTHER,ZMW,40.13,0.4311,ZM
ORDA64YZ4D69,LEADOUIFEZAC,2025-06-23T19:19:22,UPGRADE,UGX,132.46,0.5,UG
ORDKBPJ1CCPA,LEADDJOYOHAZ,2025-06-24T00:41:51,UPGRADE,KES,140.74,0.2434,KE
ORD2FS73DZKV,LEAD43D8W3ZP,2025-06-24T03:44:28,UPGRADE,GHS,135.18,0.2179,GH
ORDEYK3HJHTT,LEADZC58CU47,2025-06-24T12:27:04,UPGRADE,GHS,163.93,0.4991,GH
ORDJ8RQVLTIH,LEADO878IYHH,2025-06-24T17:18:35,INSURANCE_ONLY,UGX,43.47,0.4167,UG
ORDRWYZDK5N7,LEADYQQCXZPQ,2025-06-25T06:48:49,PHONE+INSURANCE,UGX,241.29,0.1487,UG
ORDJSIM5AGWX,LEADABEG1CJ8,2025-06-25T12:03:03,PHONE+INSURANCE,KES,284.62,0.3667,KE
ORDEGWSWCDCT,LEAD8K03W0FG,2025-06-25T17:47:07,UPGRADE,GHS,135.19,0.5,GH
ORDI6UZ6BZ3I,LEADSUUDQFJ6,2025-06-25T23:51:13,PHONE+INSURANCE,GHS,180.17,0.2763,GH
ORD2FPD5MJ0N,LEADO37U9SSB,2025-06-26T00:10:26,PHONE+INSURANCE,ZMW,146.3,0.2613,ZM
ORDNR4FGMPDI,LEADTN7SU62J,2025-06-26T01:02:14,OTHER,UGX,55.39,0.4215,UG
ORD8NACV0UIG,LEADSAJXXO9Z,2025-06-26T01:59:07,CASH_LOAN,UGX,159.15,0.486,UG
ORD50XZUY4PT,LEADDVNJN2Q3,2025-06-26T04:07:38,PHONE+INSURANCE,GHS,247.4,0.05,GH
ORDAJ7CV7MLV,LEADMYLQJJBF,2025-06-26T10:34:19,PHONE+INSURANCE,ZMW,240.08,0.05,ZM
ORDZEDEPA6KC,LEADXCDL9T15,2025-06-26T14:13:17,UPGRADE,UGX,94.78,0.3378,UG
ORD8QJ7F2K3R,LEADTAYBGI0R,2025-06-26T14:56:02,PHONE+INSURANCE,ZMW,191.52,0.4175,ZM
ORDPX29WVUQC,LEADBLEJGUBL,2025-06-27T01:20:05,OTHER,UGX,45.67,0.4103,UG
ORDL0RDGW3DN,LEADWWXR5RDN,2025-06-27T05:13:28,UPGRADE,KES,92.33,0.4366,KE
ORDR5VQS0GHF,LEADOZ0KZ4Z7,2025-06-27T05:07:22,CASH_LOAN,KES,128.88,0.27,KE
ORDM98BKPOTO,LEAD1PBCD6FX,2025-06-27T08:16:03,CASH_LOAN,GHS,169.29,0.5,GH
ORDQ8OGI7Q6B,LEADJRHE45JJ,2025-06-27T17:34:50,UPGRADE,UGX,113.26,0.2109,UG
ORDOFKUSPU43,LEAD0P4775B5,2025-06-27T19:23:50,PHONE+INSURANCE,KES,159.35,0.0596,KE
ORDNK076EFBD,LEADDTOHRNQI,2025-06-28T01:32:06,INSURANCE_ONLY,UGX,41.94,0.1793,UG
ORDECRUU0U0S,LEADXF445CRI,2025-06-28T03:26:03,UPGRADE,KES,154.61,0.1165,KE
ORD4HN6VJVQR,LEADLUPPH3NW,2025-06-28T04:28:23,CASH_LOAN,KES,187.49,0.1613,KE
ORDP440P1HHG,LEADZX4DE7NQ,2025-06-28T19:44:02,PHONE+INSURANCE,KES,200.07,0.2508,KE
ORDPTX5YPYA7,LEADY4WPWG3X,2025-06-29T00:06:54,PHONE+INSURANCE,GHS,206.54,0.0502,GH
ORD7YNS6OOTN,LEADZF4NUB5X,2025-06-29T07:18:58,INSURANCE_ONLY,GHS,5.31,0.1783,GH
ORD3FWQ0B8IH,LEADVSQAME4Y,2025-06-29T08:49:36,CASH_LOAN,KES,199.8,0.3929,KE
ORD53MVH3BGA,LEADK1VPANGW,2025-06-29T16:13:48,PHONE+INSURANCE,KES,132.34,0.4052,KE
ORDI122O0AQF,LEADJMGL1RLC,2025-06-30T00:50:12,CASH_LOAN,ZMW,159.71,0.1703,ZM
ORDXLSLUPZRI,LEADWUMJACYP,2025-06-30T03:36:25,PHONE+INSURANCE,KES,211.85,0.2011,KE
ORDAHEFVYZKO,LEAD2V31IQFG,2025-06-30T10:25:08,PHONE+INSURANCE,GHS,180.57,0.3133,GH
ORDSASOUQ8OO,LEADJAF4WNSM,2025-07-01T00:46:45,CASH_LOAN,GHS,88.67,0.05,GH
ORDSFAQIX3U6,LEADKPQAHCUA,2025-07-01T01:17:44,OTHER,UGX,43.66,0.2031,UG
ORD1AEYEO47U,LEADE3CUP8IJ,2025-07-01T02:49:22,INSURANCE_ONLY,KES,17.68,0.3535,KE
ORDJXH5P55KZ,LEAD7I6YUJ7Y,2025-07-01T04:12:32,PHONE+INSURANCE,KES,181.42,0.4529,KE
ORD5ZBY68QUO,LEADQE3RZSJ4,2025-07-01T06:16:21,PHONE+INSURANCE,UGX,215.22,0.4889,UG
ORDUA6VKD9TW,LEADL2L5B56B,2025-07-01T05:40:53,PHONE+INSURANCE,GHS,197.14,0.4032,GH
ORDO96US94S5,LEAD576M2YVP,2025-07-01T09:52:09,PHONE+INSURANCE,GHS,252.12,0.2541,GH
ORDKUIH3NQ4O,LEADB6IIDLRY,2025-07-01T14:50:24,PHONE+INSURANCE,UGX,192.85,0.4767,UG
ORD5B2XVXXD6,LEADAIH7WFRA,2025-07-01T16:47:02,UPGRADE,UGX,101.43,0.3512,UG
ORDHVYMY55VG,LEAD0361I2HG,2025-07-02T08:04:15,CASH_LOAN,KES,84.9,0.1038,KE
ORD49MX700W8,LEADW0P1Z00V,2025-07-02T12:00:27,UPGRADE,ZMW,127.93,0.5,ZM
ORD2762EM1OL,LEADKPJ7HME6,2025-07-02T14:44:30,PHONE+INSURANCE,UGX,156.05,0.4791,UG
ORDIN2D4R8VV,LEADEPPOLG5T,2025-07-02T17:38:58,UPGRADE,ZMW,154.57,0.2942,ZM
ORD0D8SJDN2Z,LEADW3GI60Q6,2025-07-02T23:25:07,CASH_LOAN,GHS,165.46,0.2219,GH
ORD60HY8J5PX,LEAD1ONX0GU4,2025-07-02T23:54:41,PHONE+INSURANCE,UGX,227.73,0.22,UG
ORD1YTFQSNFO,LEADG0V5DTAE,2025-07-03T18:16:17,PHONE+INSURANCE,KES,173.14,0.1535,KE
ORDTWZ7OCVCS,LEAD5IMLZ6IO,2025-07-03T18:22:44,PHONE+INSURANCE,KES,164.95,0.3246,KE
ORD36X85DMDX,LEADHOJALBH1,2025-07-04T00:39:03,OTHER,KES,34.14,0.2349,KE
ORDI5FXQZ60Z,LEADCJ1GNFIU,2025-07-04T06:38:31,UPGRADE,UGX,91.25,0.1826,UG
ORDJMO83BTGP,LEADVCZ8P5AI,2025-07-04T09:18:58,INSURANCE_ONLY,GHS,28.14,0.2628,GH
ORDLHPJTZFFO,LEADW57GN79H,2025-07-04T10:57:35,PHONE+INSURANCE,ZMW,145.73,0.5,ZM
ORD8L8F978X4,LEAD9NT5DXI7,2025-07-04T11:59:51,INSURANCE_ONLY,KES,43.02,0.2033,KE
ORDT0TLV36CQ,LEADHZ52QZSK,2025-07-04T15:08:56,PHONE+INSURANCE,UGX,126.57,0.1831,UG
ORDYPEKJFTPO,LEADRFI44TD1,2025-07-04T20:19:06,PHONE+INSURANCE,KES,244.15,0.1778,KE
ORDJPK9YIMU2,LEAD8V1ZOCFI,2025-07-05T07:19:27,PHONE+INSURANCE,GHS,235.96,0.3746,GH
ORDD55OTR6UW,LEADTSPYA2OT,2025-07-05T09:55:18,PHONE+INSURANCE,GHS,227.59,0.3517,GH
ORDMXDIK58EF,LEADQCTE9W0A,2025-07-05T16:26:16,PHONE+INSURANCE,GHS,229.79,0.3323,GH
ORDWPOLJYGR5,LEADSFNKOMV2,2025-07-05T19:19:41,UPGRADE,ZMW,141.35,0.4646,ZM
ORD597B2SVRK,LEADJKPQKBE0,2025-07-05T21:52:44,PHONE+INSURANCE,KES,137.37,0.05,KE
ORDQXDF2ZN8R,LEADEUO164FL,2025-07-06T03:22:13,UPGRADE,UGX,106.65,0.2781,UG
ORDS0V00U29I,LEADRIG7JVDI,2025-07-06T07:56:47,INSURANCE_ONLY,KES,43.7,0.1734,KE
ORD5VK47T26E,LEAD1IAOIM45,2025-07-06T11:11:32,CASH_LOAN,UGX,122.18,0.1402,UG
ORDDRY3S8I4G,LEADQ20HWOBM,2025-07-06T10:59:37,CASH_LOAN,KES,134.33,0.05,KE
ORDNEDNX1AOA,LEADHUWB6TXK,2025-07-06T14:56:56,PHONE+INSURANCE,GHS,223.45,0.1041,GH
ORDJ2NZDKG1V,LEADKVBKAVXS,2025-07-06T23:21:56,PHONE+INSURANCE,GHS,226.47,0.32,GH
ORDMRATJI78J,LEAD75T6XDO7,2025-07-07T00:48:10,CASH_LOAN,KES,86.23,0.3819,KE
ORDHXY83GNM6,LEAD8Y7P62ZK,2025-07-07T16:44:28,PHONE+INSURANCE,UGX,182.65,0.05,UG
ORD7DPF5358A,LEADRVD79ZUR,2025-07-08T08:57:56,INSURANCE_ONLY,GHS,26.32,0.5,GH
ORD87307I4SR,LEADWX4KK1R6,2025-07-08T09:36:09,UPGRADE,ZMW,101.45,0.0919,ZM
ORD6LM36I2AV,LEADO8BOT6AT,2025-07-08T12:12:21,UPGRADE,KES,156.66,0.1898,KE
ORDCY1K5CUVM,LEAD7C0Q6ULH,2025-07-08T14:27:33,PHONE+INSURANCE,UGX,213.65,0.05,UG
ORDXFSWJSBDR,LEADR9LEOKQJ,2025-07-08T20:11:47,INSURANCE_ONLY,KES,33.35,0.2897,KE
ORDC30N67H22,LEADQ95G3V23,2025-07-09T09:24:43,PHONE+INSURANCE,KES,185.07,0.4659,KE
ORDNBL9TLNLG,LEAD709Q6OHX,2025-07-09T12:21:35,UPGRADE,KES,74.65,0.193,KE
ORDOEHEOWTOJ,LEADA27F8LWV,2025-07-09T15:57:58,PHONE+INSURANCE,ZMW,166.56,0.2737,ZM
ORDZXROETOU4,LEAD2UUIJNWP,2025-07-09T19:33:39,PHONE+INSURANCE,KES,238.81,0.4164,KE
ORD58WDMTV8H,LEADEZ6IZ8ER,2025-07-10T01:46:19,PHONE+INSURANCE,KES,255.75,0.3467,KE
ORDROPFMNK81,LEAD1KDK2YWF,2025-07-10T08:17:42,PHONE+INSURANCE,KES,189.33,0.179,KE
ORDDLK41LM8R,LEADQ77HNS54,2025-07-10T09:17:03,UPGRADE,KES,164.79,0.5,KE
ORDQDA80SYJR,LEAD9YZHS1EV,2025-07-10T17:07:36,UPGRADE,ZMW,83.21,0.1578,ZM
ORDUDNIDA7FB,LEADSCBZ95ZN,2025-07-11T08:15:15,CASH_LOAN,ZMW,154.87,0.5,ZM
ORDTY6RB10SL,LEADQCTE9W0A,2025-07-11T12:31:34,PHONE+INSURANCE,GHS,141.52,0.3725,GH
ORDA3NTPYM7F,LEAD0AN0JBZU,2025-07-11T15:40:04,PHONE+INSURANCE,GHS,201.39,0.2091,GH
ORDMMB74CYYI,LEADPRHVLZ04,2025-07-12T05:50:23,UPGRADE,GHS,111.38,0.1696,GH
ORDY2T28DL9L,LEADOGX8IRJB,2025-07-12T11:16:29,CASH_LOAN,UGX,295.11,0.1529,UG
ORDNNQPNGBU6,LEADOHTUGUR9,2025-07-12T14:17:52,CASH_LOAN,GHS,233.03,0.1726,GH
ORD81OO14FVA,LEAD9VWIEB97,2025-07-12T15:41:52,PHONE+INSURANCE,UGX,215.43,0.05,UG
ORD0VLDTADLL,LEADLNWOSKAZ,2025-07-12T18:39:12,UPGRADE,ZMW,84.13,0.352,ZM
ORDM4870DOGN,LEADEPECQNVQ,2025-07-12T23:13:35,CASH_LOAN,GHS,115.69,0.2708,GH
ORD9196685B9,LEAD4GKS6R6B,2025-07-13T02:43:48,OTHER,UGX,63.22,0.485,UG
ORDGCB2JKZNV,LEAD70YB7RAD,2025-07-13T14:33:24,CASH_LOAN,UGX,126.34,0.1803,UG
ORDBMDQ3V011,LEADBDSTVAHM,2025-07-13T14:55:05,CASH_LOAN,UGX,200.64,0.1747,UG
ORDKDK71LXSO,LEADUFNCC8UU,2025-07-13T15:08:24,INSURANCE_ONLY,GHS,5.0,0.246,GH
ORDLK5TSL62L,LEAD0TQ2I6DE,2025-07-13T16:27:12,INSURANCE_ONLY,KES,39.09,0.327,KE
ORDHZ5PSI6CD,LEADVWPVS7HZ,2025-07-14T02:40:07,UPGRADE,UGX,169.14,0.05,UG
ORDJEJZKEYTB,LEAD7KI3X799,2025-07-14T05:22:47,PHONE+INSURANCE,KES,187.1,0.3743,KE
ORDGXYJGEXJ1,LEADXSY4VY32,2025-07-14T08:14:16,UPGRADE,GHS,128.25,0.5,GH
ORDJE6N7CBHD,LEADDMBJHY3M,2025-07-14T13:20:51,UPGRADE,GHS,100.05,0.36,GH
ORD13CD351K1,LEADXXQ6MF5Q,2025-07-14T20:47:20,INSURANCE_ONLY,KES,23.14,0.1947,KE
ORD2QBAM7P9F,LEADB05DWJAT,2025-07-15T16:58:43,UPGRADE,KES,110.29,0.3086,KE
ORDZXBHKIQA2,LEADOTUO4UW5,2025-07-15T19:17:50,OTHER,KES,57.94,0.2149,KE
ORDH1Y3ZG0X0,LEADP2E2ASOE,2025-07-15T22:29:08,INSURANCE_ONLY,GHS,56.82,0.2348,GH
ORDKIAB7AXW4,LEADVNNVBZW5,2025-07-16T03:33:47,PHONE+INSURANCE,UGX,173.16,0.2359,UG
ORDPYVK31JIV,LEADUQAAJ84R,2025-07-16T16:19:45,PHONE+INSURANCE,GHS,140.78,0.1899,GH
ORD1MR3TJ5TF,LEADZYMUZZO1,2025-07-16T22:41:21,PHONE+INSURANCE,ZMW,215.7,0.3213,ZM
ORDBBYSAWUDQ,LEAD0PLCFR7C,2025-07-17T01:26:01,PHONE+INSURANCE,GHS,191.65,0.3689,GH
ORDGZY49QJYI,LEAD656AE1IG,2025-07-17T04:13:55,CASH_LOAN,KES,53.09,0.05,KE
ORDIDQ2U1ERP,LEADUACOTFVA,2025-07-17T05:08:47,PHONE+INSURANCE,UGX,158.34,0.5,UG
ORDNU8IHM4ZP,LEAD6F7QNEZW,2025-07-18T00:26:36,CASH_LOAN,ZMW,150.58,0.1334,ZM
ORDF0ROMQ9WW,LEAD63BTKF6X,2025-07-18T01:13:06,CASH_LOAN,GHS,163.88,0.2735,GH
ORDQ3PKVVAMB,LEADASNPHFC4,2025-07-18T22:04:54,PHONE+INSURANCE,GHS,226.42,0.4162,GH
ORDJXVH7EQJZ,LEADWFG3MWU4,2025-07-19T00:55:23,PHONE+INSURANCE,GHS,199.43,0.4731,GH
ORD8ZGYWQRTS,LEADO5YBRJNM,2025-07-19T08:35:44,INSURANCE_ONLY,ZMW,39.49,0.1185,ZM
ORD1SDOM5N1K,LEADXVUGW6M7,2025-07-19T10:14:58,PHONE+INSURANCE,KES,228.54,0.3238,KE
ORDTBRFYVPXD,LEADTK5EZS96,2025-07-19T14:34:22,UPGRADE,ZMW,114.03,0.2562,ZM
ORDAKOMDRWOZ,LEAD0RS6C4X5,2025-07-19T15:30:47,UPGRADE,UGX,145.27,0.3486,UG
ORDFV2GDB9TG,LEADXMFH5E8F,2025-07-20T07:29:57,UPGRADE,GHS,147.67,0.3522,GH
ORDZVRKWDCQ2,LEADBNHL1N13,2025-07-21T01:39:31,CASH_LOAN,ZMW,187.9,0.3056,ZM
ORDS2CKL2XKV,LEADOQGVZHQJ,2025-07-21T03:54:31,PHONE+INSURANCE,ZMW,220.84,0.3954,ZM
ORDFP5N2SXBI,LEADJ21TELO9,2025-07-21T12:34:15,PHONE+INSURANCE,KES,192.54,0.39,KE
ORDRB9SZD06N,LEADGBMFBUVL,2025-07-21T21:29:36,PHONE+INSURANCE,GHS,175.36,0.2183,GH
ORDQ0PPAIK6X,LEAD35LJM6C7,2025-07-21T22:15:32,UPGRADE,ZMW,125.28,0.4837,ZM
ORDXFW81LEMM,LEADCA7ZVKY2,2025-07-22T00:28:09,UPGRADE,KES,103.54,0.157,KE
ORDJKC6RE6RN,LEAD32WP7IYF,2025-07-22T03:05:29,PHONE+INSURANCE,GHS,201.23,0.3842,GH
ORD8WBV3Z51H,LEAD8HQMABSI,2025-07-22T03:39:22,INSURANCE_ONLY,KES,31.94,0.314,KE
ORDPP9NJ9OB8,LEADZI5SGWCR,2025-07-22T04:42:55,INSURANCE_ONLY,UGX,31.01,0.1511,UG
ORDFTZCOMAY7,LEAD1RD5B2CR,2025-07-22T08:18:12,UPGRADE,UGX,152.5,0.207,UG
ORD5WWYS0NLP,LEAD37C7NXXB,2025-07-22T16:51:18,CASH_LOAN,GHS,117.32,0.2216,GH
ORDD4DZ9JQO5,LEAD2PZ6NTPB,2025-07-22T21:29:05,PHONE+INSURANCE,GHS,243.45,0.3255,GH
ORDITK8MIVUD,LEADF16X14AI,2025-07-23T01:26:43,PHONE+INSURANCE,GHS,173.49,0.2922,GH
ORDIL06UR7BA,LEADR17DPUBK,2025-07-23T08:34:42,UPGRADE,ZMW,97.0,0.2045,ZM
ORDU1D5SSHJB,LEAD4RWGKG5K,2025-07-23T11:09:13,PHONE+INSURANCE,KES,256.43,0.4386,KE
ORDP4LKFRETU,LEADO8BOT6AT,2025-07-23T13:08:39,UPGRADE,KES,119.5,0.1365,KE
ORDA5HGHNNJ3,LEADV0EHLITS,2025-07-23T17:09:21,UPGRADE,UGX,81.6,0.3025,UG
ORDQ9GNGR46O,LEADLSYJ4UWH,2025-07-24T07:01:37,OTHER,KES,62.19,0.2382,KE
ORD6KSIGTJAC,LEADK2IAGL58,2025-07-24T17:46:05,CASH_LOAN,ZMW,230.57,0.3077,ZM
ORDOS5XFXDJ3,LEAD02G3YU6V,2025-07-24T18:28:10,PHONE+INSURANCE,UGX,203.05,0.4379,UG
ORDDF8WA4LKJ,LEAD6Z1B98VW,2025-07-24T21:03:41,PHONE+INSURANCE,ZMW,166.56,0.2087,ZM
ORDK2FPBM967,LEADH8RQ9NZ6,2025-07-24T22:01:15,CASH_LOAN,GHS,114.8,0.5,GH
ORDIY1F23H70,LEADDOTRBAD3,2025-07-25T01:55:15,PHONE+INSURANCE,GHS,137.94,0.3712,GH
ORDN4R28MK5C,LEADG9GMYKVY,2025-07-25T07:31:17,PHONE+INSURANCE,UGX,214.95,0.5,UG
ORDS97KY5F60,LEAD5DTOZ5ST,2025-07-25T16:12:55,UPGRADE,ZMW,153.82,0.3666,ZM
ORDWBSBJEM6D,LEAD10B8VK9Q,2025-07-25T23:24:53,UPGRADE,UGX,149.66,0.2442,UG
ORDIJPJ4LXTU,LEADSO03W2MR,2025-07-26T10:47:20,CASH_LOAN,GHS,138.36,0.3273,GH
ORD26N7HNUU5,LEADZNAXOYCG,2025-07-26T13:10:04,PHONE+INSURANCE,UGX,210.3,0.328,UG
ORDQ8F7ZJS9T,LEADWUMJACYP,2025-07-26T13:45:26,PHONE+INSURANCE,KES,257.27,0.2327,KE
ORDB8XDA5B1E,LEADS0MWKOG0,2025-07-26T13:39:33,INSURANCE_ONLY,KES,45.19,0.1038,KE
ORD6E4FD9WR7,LEADEJZHYAPD,2025-07-26T14:09:06,PHONE+INSURANCE,ZMW,231.89,0.1138,ZM
ORD9ORIU0RSZ,LEADJD3VURR6,2025-07-26T20:15:17,PHONE+INSURANCE,UGX,167.08,0.05,UG
ORDEY12703WW,LEAD60ATH9KP,2025-07-26T22:34:44,UPGRADE,ZMW,154.91,0.5,ZM
ORDADWB5P23B,LEADJBG3K59S,2025-07-27T13:17:50,INSURANCE_ONLY,GHS,44.31,0.1423,GH
ORDPHDCPY7J9,LEADFIE952EX,2025-07-27T16:51:32,OTHER,ZMW,46.25,0.5,ZM
ORDONU7P0ATP,LEAD6KTNN8IL,2025-07-27T19:58:32,INSURANCE_ONLY,KES,25.13,0.5,KE
ORDCN9H27HAJ,LEADVR79YT1S,2025-07-27T23:41:40,OTHER,ZMW,35.47,0.2147,ZM
ORDYQEWNQXDC,LEADZSA6HA3V,2025-07-28T05:08:03,PHONE+INSURANCE,ZMW,200.37,0.1786,ZM
ORD8M71YY3NI,LEAD7D4IVSOL,2025-07-28T04:00:58,PHONE+INSURANCE,ZMW,179.79,0.1425,ZM
ORD0U9Y78O9O,LEADTOS87MVZ,2025-07-28T07:28:22,PHONE+INSURANCE,ZMW,245.09,0.0668,ZM
ORDD24QX8X3T,LEADGN92F0J3,2025-07-28T11:02:02,PHONE+INSURANCE,UGX,179.3,0.2295,UG
ORDX9D6ODCCZ,LEADU1HBJ6TX,2025-07-28T12:08:56,CASH_LOAN,KES,173.22,0.3144,KE
ORDVARMFXF74,LEADH3U0RCOF,2025-07-28T21:58:57,INSURANCE_ONLY,KES,39.27,0.2722,KE
ORDOPUFVI1K9,LEADAYEQAHTH,2025-07-28T22:29:22,UPGRADE,GHS,80.41,0.3006,GH
ORDXEBAB02UC,LEAD978V0BJW,2025-07-29T07:13:50,PHONE+INSURANCE,ZMW,242.51,0.307,ZM
ORD96875WGYG,LEAD9XRWNNVG,2025-07-29T07:56:39,INSURANCE_ONLY,KES,23.93,0.3961,KE
ORDBN7RBEA2K,LEAD87H91EL8,2025-07-29T11:17:18,CASH_LOAN,GHS,168.54,0.1625,GH
ORDOHWNNFPGV,LEADTBXPSPAQ,2025-07-29T13:34:51,PHONE+INSURANCE,UGX,232.09,0.215,UG
ORDE8ZTRVXXO,LEADVU5OEJ81,2025-07-29T18:13:07,UPGRADE,ZMW,115.73,0.5,ZM
ORDTMD4V8GWO,LEADZGPXF50O,2025-07-30T05:04:11,UPGRADE,GHS,109.85,0.2367,GH
ORD98HU3EQGX,LEAD42P31OGW,2025-07-30T16:37:50,PHONE+INSURANCE,GHS,171.38,0.5,GH
ORDFSI0W1GX9,LEADTYJR39II,2025-07-31T10:16:39,PHONE+INSURANCE,KES,246.48,0.2669,KE
ORDS83OWUEUX,LEADLUPPH3NW,2025-07-31T11:11:23,CASH_LOAN,KES,41.18,0.1433,KE
ORDQY1XLW9IR,LEAD4E5HRDU4,2025-07-31T15:05:01,UPGRADE,ZMW,106.46,0.1083,ZM
ORD4IB6CZ6GC,LEADJPKOR3A1,2025-08-01T09:09:49,INSURANCE_ONLY,GHS,44.02,0.1638,GH
ORD2SMSY4UK2,LEADF16X14AI,2025-08-02T08:10:13,PHONE+INSURANCE,GHS,205.07,0.5,GH
ORDBPUFGOFYW,LEADG9FK2ST0,2025-08-02T08:30:26,CASH_LOAN,GHS,281.5,0.3153,GH
ORD3PJQPVQFT,LEADJPMH3UQ1,2025-08-02T08:47:30,CASH_LOAN,GHS,74.91,0.1688,GH
ORDJK2EGV1G9,LEADKUU5CZEC,2025-08-02T08:49:16,PHONE+INSURANCE,GHS,149.62,0.1211,GH
ORDU16C5Z9FW,LEADD478MFS0,2025-08-02T20:43:38,CASH_LOAN,GHS,133.68,0.3855,GH
ORDLPD1OL3JQ,LEAD18OVEUUR,2025-08-02T22:19:29,PHONE+INSURANCE,ZMW,196.89,0.317,ZM
ORDC4Z8E1LTU,LEADB05DWJAT,2025-08-03T02:04:46,UPGRADE,KES,116.72,0.086,KE
ORD5729SQ7X1,LEAD52ZBRD39,2025-08-03T03:16:12,PHONE+INSURANCE,UGX,209.29,0.5,UG
ORDIPP26RET2,LEAD0L7253J2,2025-08-03T10:09:19,UPGRADE,KES,124.99,0.1478,KE
ORDBTS3W0BNZ,LEAD8VFCX7LX,2025-08-03T11:45:05,INSURANCE_ONLY,GHS,29.34,0.4433,GH
ORDI8QFRFLEZ,LEADNMS6XVQP,2025-08-03T14:10:17,INSURANCE_ONLY,ZMW,53.76,0.5,ZM
ORD9AUB3EKY5,LEADZEEDHHJS,2025-08-03T21:49:53,PHONE+INSURANCE,KES,167.12,0.2992,KE
ORD4AXX14VLV,LEADK71K4FPL,2025-08-03T22:52:03,INSURANCE_ONLY,ZMW,28.88,0.3343,ZM
ORDEZDK2X9FA,LEAD8B1V1CCO,2025-08-04T00:00:45,UPGRADE,GHS,151.29,0.2937,GH
ORDWYLD6QMWY,LEADLOFAS1EK,2025-08-04T00:43:11,UPGRADE,KES,92.47,0.392,KE
ORDPD21NPZ8U,LEAD9E1V2ISQ,2025-08-04T03:12:42,PHONE+INSURANCE,GHS,256.7,0.3538,GH
ORDBPC0D0CJ2,LEAD4HJKWBJP,2025-08-04T09:01:33,PHONE+INSURANCE,KES,249.26,0.3764,KE
ORDYWO0K3L6C,LEAD19ARSOZ9,2025-08-04T17:04:16,UPGRADE,KES,109.94,0.2676,KE
ORDDRSUYG7SQ,LEADUCYHONBP,2025-08-04T18:12:37,UPGRADE,KES,96.86,0.1264,KE
ORDS42BKOCYZ,LEADF2CTG08Z,2025-08-04T18:42:38,PHONE+INSURANCE,KES,250.21,0.3822,KE
ORD7N8OT3S82,LEAD60ATH9KP,2025-08-05T01:31:23,UPGRADE,ZMW,96.3,0.4589,ZM
ORDJ06QISG0M,LEADSSCRTP08,2025-08-05T19:45:07,PHONE+INSURANCE,UGX,248.29,0.0655,UG
ORD79T0917B6,LEADX5FL2MOX,2025-08-05T19:46:10,PHONE+INSURANCE,ZMW,232.52,0.3224,ZM
ORDGQ1QQGXAX,LEADKRM8J5EC,2025-08-05T22:35:46,PHONE+INSURANCE,KES,215.62,0.1399,KE
ORDROI42H3CK,LEADAM148P0T,2025-08-06T02:32:48,PHONE+INSURANCE,GHS,268.54,0.0594,GH
ORD5Y563LRHH,LEADL2L5B56B,2025-08-06T06:46:58,PHONE+INSURANCE,GHS,258.52,0.1982,GH
ORDS8W5MWT1P,LEADRCMUZ8DU,2025-08-06T18:30:38,INSURANCE_ONLY,GHS,50.27,0.4448,GH
ORDY0O9K8O9R,LEADO8BOT6AT,2025-08-06T20:51:10,UPGRADE,KES,156.45,0.2848,KE
ORDDTC5HYX8R,LEADC46HD2OR,2025-08-07T02:34:59,PHONE+INSURANCE,KES,215.41,0.1016,KE
ORD0UBH4HKR3,LEADPDTZ91X7,2025-08-07T02:07:58,PHONE+INSURANCE,UGX,170.82,0.2358,UG
ORD3QNXWLBEO,LEADXXQ6MF5Q,2025-08-07T05:28:55,INSURANCE_ONLY,KES,54.13,0.1308,KE
ORDW722OHJXT,LEADOJ3E0QQX,2025-08-07T08:35:36,PHONE+INSURANCE,KES,173.57,0.1282,KE
ORD6ODEY8JKZ,LEADXAFGOVCC,2025-08-07T23:19:00,PHONE+INSURANCE,ZMW,211.67,0.2314,ZM
ORDUIVRNK92B,LEADI8WX46QG,2025-08-08T02:17:19,PHONE+INSURANCE,ZMW,214.33,0.4126,ZM
ORDAY52330IX,LEADB7F6FDHG,2025-08-08T05:22:26,UPGRADE,ZMW,174.88,0.05,ZM
ORDLXKAP4EJT,LEADPACQ5AH9,2025-08-08T05:17:23,CASH_LOAN,KES,108.56,0.0674,KE
ORD7H9C8Y0G4,LEADK37FOQSR,2025-08-08T05:59:05,INSURANCE_ONLY,GHS,26.63,0.3934,GH
ORDOHLRO3X8R,LEADJDAN085R,2025-08-08T06:14:02,CASH_LOAN,KES,100.04,0.1548,KE
ORDFX3XS3CI4,LEAD9XBONRWZ,2025-08-08T09:08:16,CASH_LOAN,KES,190.98,0.5,KE
ORDH2N592CJ0,LEAD7FDRFQX7,2025-08-08T09:00:19,PHONE+INSURANCE,KES,109.92,0.3075,KE
ORDR090MO955,LEADKFD18TLT,2025-08-08T10:03:49,PHONE+INSURANCE,KES,176.77,0.2159,KE
ORDD90PM5UWQ,LEADF313FPOY,2025-08-08T11:17:17,CASH_LOAN,ZMW,141.18,0.5,ZM
ORDV60V9YAWZ,LEADWPGZ5RKS,2025-08-08T12:30:00,UPGRADE,GHS,112.47,0.1065,GH
ORDOY158DL6N,LEADIZHW0VQP,2025-08-08T14:11:17,INSURANCE_ONLY,KES,24.77,0.259,KE
ORDZVQ2DTBLS,LEADFKPS0DXM,2025-08-08T14:28:14,OTHER,UGX,66.81,0.3319,UG
ORDWPIDVYF6S,LEADL5XF50I6,2025-08-08T19:06:51,UPGRADE,UGX,107.44,0.3409,UG
ORD4P4P97BE1,LEAD6XN6LCPY,2025-08-09T04:22:53,PHONE+INSURANCE,GHS,288.17,0.5,GH
ORDVCP7WFLLQ,LEADRNU851V9,2025-08-09T06:37:41,UPGRADE,GHS,133.6,0.1129,GH
ORDAC153VZTO,LEADTTJ72UGL,2025-08-09T09:18:59,PHONE+INSURANCE,KES,155.77,0.1225,KE
ORDULX0F772A,LEAD1EGOM62H,2025-08-09T14:41:34,UPGRADE,GHS,94.66,0.2525,GH
ORDE70IPB6Y6,LEADDQFC1YUZ,2025-08-09T15:04:22,CASH_LOAN,KES,151.34,0.2545,KE
ORD48S2R2QGM,LEADAG3APTM9,2025-08-09T17:54:50,INSURANCE_ONLY,KES,43.67,0.05,KE
ORDR0B8M2IHC,LEAD7NXP0JF6,2025-08-10T09:14:37,PHONE+INSURANCE,KES,261.1,0.2765,KE
ORD2FK59IMJB,LEAD163YK03O,2025-08-10T08:06:18,UPGRADE,UGX,140.9,0.4746,UG
ORDIKAXZPPAV,LEAD4IW54W48,2025-08-10T22:00:06,UPGRADE,GHS,88.16,0.0762,GH
ORDMEFT2QUXT,LEAD0NUSG9L9,2025-08-11T05:59:59,CASH_LOAN,KES,111.38,0.4336,KE
ORDW16DGTDLM,LEADD4YSD6SH,2025-08-11T12:04:15,UPGRADE,KES,106.0,0.5,KE
ORDX666FCLIC,LEADH9NKLYBW,2025-08-11T18:23:07,PHONE+INSURANCE,GHS,223.23,0.0881,GH
ORDG2ZVN3SB9,LEADGAGUVB99,2025-08-11T22:31:50,PHONE+INSURANCE,ZMW,176.29,0.1254,ZM
ORD4GJFQE80W,LEADFMMEN405,2025-08-12T01:04:05,PHONE+INSURANCE,ZMW,255.56,0.4427,ZM
ORDPP8DRWVQU,LEAD7U55D5Q3,2025-08-12T07:10:01,UPGRADE,ZMW,106.97,0.1485,ZM
ORD6BOEO6B35,LEADK8SZ7IWD,2025-08-12T15:16:09,PHONE+INSURANCE,ZMW,204.16,0.05,ZM
ORDX8XXW3W32,LEAD8EZP7QYE,2025-08-12T16:08:49,CASH_LOAN,ZMW,109.92,0.2409,ZM
ORD7RXI88X1T,LEADKE1Q5MS7,2025-08-12T18:11:57,PHONE+INSURANCE,ZMW,235.8,0.433,ZM
ORD21EE4I0HQ,LEAD59M6MG87,2025-08-13T09:15:17,PHONE+INSURANCE,GHS,213.67,0.0978,GH
ORD4AE3AQQMR,LEADN19QNFPL,2025-08-13T19:53:03,UPGRADE,GHS,118.08,0.336,GH
ORD8LAJALA67,LEADOK3ZY5SR,2025-08-14T04:17:27,UPGRADE,UGX,79.06,0.1117,UG
ORD2JVIOSRWY,LEADW9MYYOKE,2025-08-14T08:23:15,CASH_LOAN,ZMW,133.59,0.3187,ZM
ORD42B94MQ70,LEADG1Y9XCA6,2025-08-14T10:40:39,PHONE+INSURANCE,UGX,200.29,0.4746,UG
ORDSJJCZ8UH0,LEADSQ0P82KB,2025-08-14T12:46:19,UPGRADE,ZMW,140.39,0.5,ZM
ORD1YUF5Y1OY,LEADMYLQJJBF,2025-08-15T00:30:12,PHONE+INSURANCE,UGX,211.26,0.4888,UG
ORD7FXCEP97Y,LEAD6QJ2ONVE,2025-08-15T03:21:20,UPGRADE,KES,78.93,0.325,KE
ORDJZ5MG3DYV,LEAD7KI3X799,2025-08-15T15:06:23,PHONE+INSURANCE,KES,232.58,0.1704,KE
ORD1GGCOLR97,LEADKLV69EOX,2025-08-15T21:07:26,UPGRADE,GHS,137.67,0.5,GH
ORDJU6HDFC4D,LEAD6QEPYOHA,2025-08-16T02:14:52,PHONE+INSURANCE,UGX,224.12,0.1243,UG
ORDDYFK48SE9,LEADTSPYA2OT,2025-08-16T04:35:12,PHONE+INSURANCE,GHS,190.74,0.2589,GH
ORDX9IOE7Y3V,LEADO87F00TE,2025-08-16T06:51:33,INSURANCE_ONLY,UGX,26.6,0.05,UG
ORD5X5FQ5JK1,LEADMC5S3OFA,2025-08-16T13:13:10,UPGRADE,KES,162.88,0.0532,KE
ORD2CWHRI4FN,LEAD43D8W3ZP,2025-08-16T14:37:46,UPGRADE,GHS,127.75,0.0696,GH
ORDT3ITVYJLT,LEAD9NT5DXI7,2025-08-16T21:27:19,INSURANCE_ONLY,KES,13.47,0.4105,KE
ORDZ1KC5CGKS,LEADO765EFUX,2025-08-16T23:55:05,UPGRADE,GHS,142.65,0.5,GH
ORDB7PMUGK72,LEADX981BF8W,2025-08-17T01:41:26,PHONE+INSURANCE,ZMW,185.19,0.0835,ZM
ORDQMQJBFUID,LEADP7WR1SHE,2025-08-17T00:20:48,CASH_LOAN,KES,127.32,0.3797,KE
ORD3JX4254PT,LEADU6ZV3IU6,2025-08-17T10:24:47,CASH_LOAN,GHS,177.01,0.5,GH
ORDPP5BNAO3G,LEAD6IT1EKKH,2025-08-17T10:46:21,INSURANCE_ONLY,KES,37.69,0.4338,KE
ORDVZM590FNX,LEAD10B8VK9Q,2025-08-17T12:47:37,UPGRADE,UGX,94.7,0.5,UG
ORD01D5WDNPS,LEAD2YMPYI46,2025-08-17T11:58:34,INSURANCE_ONLY,KES,45.95,0.1682,KE
ORD3BABR6SSY,LEADHI0EZF0Z,2025-08-17T15:21:52,CASH_LOAN,KES,240.68,0.3289,KE
ORDGK62LBZM6,LEAD520XKIAI,2025-08-17T18:53:19,CASH_LOAN,UGX,257.85,0.1881,UG
ORD07ZUZSEDY,LEADIZHW0VQP,2025-08-17T20:01:47,INSURANCE_ONLY,KES,31.54,0.1682,KE
ORDUFU9EQB54,LEAD5UGXBRYT,2025-08-18T02:30:43,PHONE+INSURANCE,KES,208.95,0.5,KE
ORDWKXV5ZDDA,LEADJGZACF0R,2025-08-18T07:36:17,INSURANCE_ONLY,ZMW,48.56,0.3773,ZM
ORDWVUOK9RGI,LEADQCTE9W0A,2025-08-18T06:54:56,PHONE+INSURANCE,UGX,186.79,0.3995,UG
ORD7EJ59O2Z4,LEADKLQBXXA5,2025-08-18T09:26:22,CASH_LOAN,GHS,125.36,0.5,GH
ORDI0SY2DT9V,LEADQ97RCQ6W,2025-08-18T20:06:11,PHONE+INSURANCE,GHS,243.25,0.4458,GH
ORDVC66LG7KC,LEADH9PTFNM8,2025-08-18T21:18:20,CASH_LOAN,KES,130.39,0.5,KE
ORDN7CAZ4TXN,LEAD271W1WUD,2025-08-18T23:58:40,INSURANCE_ONLY,GHS,16.19,0.1394,GH
ORDZ5L4LLEUJ,LEAD50OP7XMR,2025-08-19T00:43:21,CASH_LOAN,ZMW,129.71,0.5,ZM
ORDSFIUR2SYO,LEADI4SP7QFQ,2025-08-19T07:46:05,INSURANCE_ONLY,KES,27.53,0.1006,KE
ORDX5Z5LRG5G,LEADE4VZN8Z4,2025-08-19T08:09:37,PHONE+INSURANCE,GHS,170.36,0.4187,GH
ORDMPFHK0VEP,LEADTBH6GO70,2025-08-20T04:59:17,UPGRADE,GHS,89.15,0.2538,GH
ORD21NV05PBV,LEAD8D1WJCIT,2025-08-20T08:25:07,UPGRADE,KES,157.84,0.2757,KE
ORDKDLUJX406,LEADSR3JFYUS,2025-08-20T12:49:52,INSURANCE_ONLY,GHS,49.77,0.3891,GH
ORDDJA5TN67S,LEADHQNJVDPN,2025-08-20T19:54:27,PHONE+INSURANCE,GHS,227.17,0.5,GH
ORDK8348RQOV,LEAD99F77LU8,2025-08-21T06:06:44,PHONE+INSURANCE,UGX,149.28,0.3601,UG
ORDX2B26VP3E,LEADXLRFCD6M,2025-08-21T06:15:45,PHONE+INSURANCE,ZMW,176.34,0.1305,ZM
ORDQYOTPGOCT,LEADX2EZC7FO,2025-08-21T10:39:11,PHONE+INSURANCE,ZMW,195.73,0.1564,ZM
ORDYW07PH8DH,LEAD5YRWVTKH,2025-08-21T10:35:53,PHONE+INSURANCE,GHS,211.16,0.5,GH
ORDK3P02DEU8,LEAD4QGEFQJG,2025-08-21T20:11:51,CASH_LOAN,ZMW,51.0,0.2811,ZM
ORD9EHCUQI51,LEAD37C7NXXB,2025-08-21T22:30:20,CASH_LOAN,GHS,99.38,0.2041,GH
ORDGCATE9R9M,LEADTVD1XEUQ,2025-08-21T22:40:15,PHONE+INSURANCE,KES,201.9,0.0856,KE
ORD5PLTRTDGL,LEAD2QB6GS8G,2025-08-22T07:43:34,PHONE+INSURANCE,GHS,246.58,0.3686,GH
ORDK4POOJ0NT,LEADGDL1J2VW,2025-08-22T09:39:10,UPGRADE,KES,106.09,0.5,KE
ORDS0JUEF37I,LEADKI4EPXR9,2025-08-22T09:57:39,CASH_LOAN,ZMW,193.37,0.3698,ZM
ORDHJMAUBPSO,LEADDDVXKKXO,2025-08-22T21:15:14,PHONE+INSURANCE,GHS,127.91,0.3074,GH
ORD67WI4VU1A,LEADX450UHEH,2025-08-23T00:16:34,UPGRADE,GHS,144.14,0.1319,GH
ORDB2KCZG6D6,LEAD8MA30W78,2025-08-23T05:25:21,INSURANCE_ONLY,KES,25.51,0.2182,KE
ORDI2TKT8HIE,LEADB8C7X0H3,2025-08-23T07:33:30,PHONE+INSURANCE,UGX,182.63,0.2094,UG
ORDAWBM70E0V,LEAD52ZBRD39,2025-08-23T09:28:41,PHONE+INSURANCE,UGX,156.42,0.5,UG
ORDX5542XRK2,LEADMCIE4ACJ,2025-08-23T13:17:08,PHONE+INSURANCE,UGX,192.5,0.263,UG
ORD8EN8KEYBG,LEAD5UGXBRYT,2025-08-24T00:35:20,PHONE+INSURANCE,KES,186.15,0.4829,KE
ORD2CQJ3QD76,LEADLQGA3QUP,2025-08-24T10:11:04,CASH_LOAN,UGX,210.99,0.3255,UG
ORDU7V531UZQ,LEADZEGBL2QG,2025-08-24T12:59:52,PHONE+INSURANCE,KES,79.64,0.5,KE
ORD2OQHJSCQ8,LEADU9WT2YBU,2025-08-25T07:46:43,CASH_LOAN,KES,56.53,0.1918,KE
ORDXEMBBM57B,LEAD7DCBHHLK,2025-08-25T08:34:29,UPGRADE,KES,122.13,0.1559,KE
ORDS2O5X4CR8,LEADQCYH207X,2025-08-25T09:25:08,PHONE+INSURANCE,KES,197.45,0.2462,KE
ORDA053HI8NB,LEADGGACSQNB,2025-08-26T02:15:46,CASH_LOAN,KES,131.77,0.2799,KE
ORD2VQPZIT5D,LEAD5RC6ZS62,2025-08-26T09:51:27,INSURANCE_ONLY,ZMW,43.95,0.3131,ZM
ORDKIIKE8YDO,LEADTTSW5EJR,2025-08-26T10:15:56,PHONE+INSURANCE,UGX,201.5,0.05,UG
ORDMM4H0XOAQ,LEADDXTAD1IO,2025-08-26T16:26:26,PHONE+INSURANCE,ZMW,173.07,0.2665,ZM
ORDDW1K7DMS3,LEADQ95G3V23,2025-08-27T04:59:15,PHONE+INSURANCE,KES,163.04,0.1862,KE
ORD2I7SSA8GZ,LEAD21O0Z5QR,2025-08-27T12:10:53,UPGRADE,KES,141.44,0.05,KE
ORDH8JCOKVB0,LEAD59M6MG87,2025-08-27T12:26:03,PHONE+INSURANCE,GHS,209.23,0.1395,GH
ORDRHQ2PZAKF,LEADNQYYF9RK,2025-08-27T11:45:24,PHONE+INSURANCE,UGX,177.71,0.2189,UG
ORDTIBVXTDTV,LEAD6V8TH105,2025-08-27T16:14:09,UPGRADE,UGX,145.61,0.2795,UG
ORDVQ6OR2VU9,LEADQ9I6KYJ9,2025-08-28T03:52:23,PHONE+INSURANCE,KES,184.85,0.1832,KE
ORDH3XO10CTP,LEADR0KO31NZ,2025-08-28T05:02:59,CASH_LOAN,KES,7.7,0.4011,KE
ORDCKZGDGYLB,LEADSJ21GTCH,2025-08-28T06:46:02,PHONE+INSURANCE,KES,192.89,0.4826,KE
ORD5MME97H0W,LEADWKISETUK,2025-08-28T08:09:14,UPGRADE,KES,112.32,0.2208,KE
ORD4IKDOIY3V,LEAD73JGZLMA,2025-08-28T08:31:08,PHONE+INSURANCE,KES,153.24,0.2347,KE
ORDH7M4IUB9Q,LEADPLFE19BC,2025-08-28T09:22:25,CASH_LOAN,KES,138.15,0.1355,KE
ORDZB411IJ85,LEADR3SHLX0S,2025-08-28T23:39:06,UPGRADE,GHS,94.75,0.415,GH
ORDSK4DTWKJW,LEAD7W8P74MJ,2025-08-29T04:00:17,UPGRADE,KES,131.77,0.4715,KE
ORDQEC94FTWR,LEADYGY21JMA,2025-08-29T04:33:41,PHONE+INSURANCE,ZMW,224.73,0.5,ZM
ORDFSR4N7Y4K,LEADUA3AIPJI,2025-08-29T07:33:04,CASH_LOAN,KES,20.56,0.2144,KE
ORDDXM10YSNW,LEAD23C42YFK,2025-08-30T02:58:03,CASH_LOAN,UGX,12.22,0.1823,UG
ORD8FAKTMIXS,LEADLKQXLM5Q,2025-08-30T04:25:47,INSURANCE_ONLY,UGX,36.53,0.2144,UG
ORDMVVLKMS5A,LEADUBBRNU8C,2025-08-30T04:27:20,OTHER,UGX,10.03,0.3262,UG
ORDBZTIP6T1J,LEADBO2J3AYI,2025-08-30T16:35:43,CASH_LOAN,GHS,145.96,0.2322,GH
ORD74E5X2VO8,LEADX8SYLEMR,2025-08-31T02:32:54,CASH_LOAN,UGX,140.63,0.2962,UG
ORD92WMNXCLT,LEAD874OHL5T,2025-08-31T03:06:23,UPGRADE,ZMW,108.92,0.4957,ZM
ORDMBSLJ9XP2,LEADURALDOL6,2025-08-31T08:54:07,PHONE+INSURANCE,ZMW,251.56,0.2357,ZM
ORDUWUZWJUNG,LEADMDMMMXIX,2025-08-31T15:45:46,INSURANCE_ONLY,KES,35.18,0.3195,KE
ORDQZLCULMIU,LEAD4OC1CQB7,2025-08-31T21:53:20,PHONE+INSURANCE,KES,283.0,0.4845,KE
ORDIW59T9G4B,LEAD73JGZLMA,2025-08-31T22:19:32,PHONE+INSURANCE,KES,186.45,0.1571,KE
ORDQNTL0FW1F,LEADSAXT8JH3,2025-09-01T01:48:56,UPGRADE,UGX,116.86,0.2547,UG
ORD9CKL14M4O,LEADM8T0JSHH,2025-09-01T03:03:27,CASH_LOAN,GHS,110.32,0.0675,GH
ORDNXJN4LZHK,LEADHK94W6WU,2025-09-01T07:21:22,PHONE+INSURANCE,ZMW,113.23,0.2657,ZM
ORD9UGKP2ZBJ,LEADUL62CF4M,2025-09-01T09:28:41,UPGRADE,KES,132.62,0.1993,KE
ORD2U08UV5G9,LEADDCIROW8A,2025-09-01T13:57:33,PHONE+INSURANCE,KES,187.23,0.1467,KE
ORDVEGETGP0J,LEAD86GVGT2E,2025-09-01T13:19:28,PHONE+INSURANCE,KES,265.97,0.2465,KE
ORDG9GIBO49D,LEADT11F9I6U,2025-09-01T20:10:42,PHONE+INSURANCE,ZMW,207.34,0.2989,ZM
ORDUXO725FOL,LEADPW105UVQ,2025-09-01T22:20:26,PHONE+INSURANCE,ZMW,196.47,0.1371,ZM
ORDF7PUNLP8E,LEADKE1Q5MS7,2025-09-02T04:26:14,PHONE+INSURANCE,GHS,150.29,0.2925,GH
ORDD0O2DH6JT,LEADAYEQAHTH,2025-09-02T07:39:50,UPGRADE,UGX,50.9,0.2453,UG
ORDXT0LH28JJ,LEADIJTYOLD6,2025-09-02T14:08:28,PHONE+INSURANCE,KES,279.17,0.3621,KE
ORD99SY9TQ6D,LEADEUO164FL,2025-09-03T07:45:00,UPGRADE,UGX,147.66,0.3284,UG
ORDTQAUZOKO0,LEADSZPF9S9E,2025-09-03T15:40:06,PHONE+INSURANCE,GHS,195.29,0.1645,GH
ORDB96KRYXCK,LEADO2XM43O8,2025-09-03T22:01:18,PHONE+INSURANCE,UGX,175.56,0.3418,UG
ORDYB9Y4VTVY,LEADZYMUZZO1,2025-09-03T21:27:25,PHONE+INSURANCE,ZMW,185.77,0.2273,ZM
ORDKSCYGO06P,LEAD3EP9P9W4,2025-09-04T06:04:28,CASH_LOAN,UGX,200.88,0.0643,UG
ORDA126URUV8,LEAD3JCD3NKN,2025-06-20T14:06:49,PHONE+INSURANCE,ZMW,68.36,0.1874,ZM
ORDPFBPRRC6Z,LEADOPMHY3QD,2025-07-07T00:26:49,OTHER,ZMW,189.61,0.1494,ZM
ORDB83HRJWCG,LEADSTPS1H4N,2025-05-20T03:31:31,UPGRADE,ZMW,79.96,0.106,ZM
ORD6091HTWAE,LEADUMDFF5Y6,2025-05-29T14:17:38,OTHER,GHS,39.82,0.4725,GH
ORDIHGLKZWSD,LEADOZO3IXFX,2025-07-02T23:34:58,UPGRADE,ZMW,180.69,0.6101,ZM
ORDD2VH1CQ59,LEADO1I5CLW0,2025-08-04T15:09:39,CASH_LOAN,UGX,138.3,0.2215,UG
ORD9P2J5O7KZ,LEADJEXGX5ZW,2025-08-23T00:53:10,INSURANCE_ONLY,UGX,84.17,0.0602,UG
ORD7M4RFACZU,LEADVEA7NDHW,2025-07-28T15:39:19,OTHER,UGX,143.99,0.183,UG
ORDJ2XRHXPOI,LEADZNSF5SBR,2025-08-12T11:45:47,UPGRADE,KES,54.06,0.061,KE
ORDGSMXAKERO,LEAD67MSX54G,2025-08-30T13:57:59,UPGRADE,ZMW,124.77,0.0932,ZM
ORDDEZPL7UUS,LEADLBMXGW24,2025-06-10T13:27:37,UPGRADE,UGX,60.66,0.6588,UG
